{"eval/episode": 0.0, "eval/train/episode_return": 2.2011365483106653, "eval/color_easy/episode_return": 0.9577045139716104, "eval/color_hard/episode_return": 2.4925034243293753, "eval/video_easy/episode_return": 7.22061726761059, "eval/video_hard/episode_return": 7.803000971586364, "eval/step": 0, "_timestamp": 1693918645.7319179, "_runtime": 568.3428888320923, "_step": 3125, "train/episode_return": 187.53840005428592, "train/episode": 25.0, "train/duration": 12.589640378952026, "train/step": 3125, "train/critic/loss": 10.482070980072022, "train/actor/loss": -20.497920263381232, "train/alpha/loss": 0.01977566753085407, "train/alpha/value": 0.09136493069665827, "_wandb": {"runtime": 616}}