{"eval/episode": 10.0, "eval/_episode_reward": 0.0, "eval/color_easy_episode_reward": 0.0, "eval/step": 2500, "_timestamp": 1693917463.5674458, "_runtime": 1592.813545703888, "_step": 18, "eval/color_hard_episode_reward": 0.0, "eval/video_easy_episode_reward": 0.0, "eval/video_hard_episode_reward": 0.0, "train/episode_reward": 0.0, "train/episode": 11.0, "train/duration": 840.5437724590302, "train/step": 2750, "train/critic_loss": 1.20404950979352, "train/actor_loss": -1.5916164293289186, "train/alpha_loss": 0.27316583251953125, "train/alpha_value": 0.0839482083796006, "_wandb": {"runtime": 1618}}