{"eval/episode": 350.0, "eval/train/episode_return": 481.9, "eval/color_easy/episode_return": 340.4, "eval/color_hard/episode_return": 422.5, "eval/video_easy/episode_return": 387.9, "eval/video_hard/episode_return": 134.0, "eval/duration": 414.34010076522827, "eval/frame": 350000, "_timestamp": 1693977488.7330213, "_runtime": 16006.237344264984, "_step": 358000, "train/episode_return": 292.0, "train/episode": 358.0, "train/duration": 19.445376873016357, "train/frame": 358000, "train/critic/loss": 2586.313808898926, "train/actor/loss": -191.95413745117187, "train/alpha/loss": -0.006058018650859595, "train/alpha/value": 0.13071038344682828}