{"eval/episode": 0.0, "eval/episode_reward": 0.16730284887896515, "eval/episode_reward_test_env": 0.9931453887476219, "eval/step": 0, "_timestamp": 1693912326.6307056, "_runtime": 321.5280125141144, "_step": 4, "train/episode_reward": 16.68339627004705, "train/episode": 4.0, "train/duration": 0.2263643741607666, "train/step": 1000, "_wandb": {"runtime": 323}}