{"eval/episode": 10.0, "eval/_episode_reward": 0.3791240143962007, "eval/color_easy_episode_reward": 0.42699454426075756, "eval/step": 2500, "_timestamp": 1693917473.7291439, "_runtime": 1595.754068851471, "_step": 19, "eval/color_hard_episode_reward": 0.44371064110601344, "eval/video_easy_episode_reward": 0.5340500751330917, "eval/video_hard_episode_reward": 1.3629671688985885, "train/episode_reward": 22.059691131171952, "train/episode": 12.0, "train/duration": 21.21823239326477, "train/step": 3000, "train/critic_loss": 0.06610738819837571, "train/actor_loss": -7.715949108123779, "train/alpha_loss": 0.8302544927597046, "train/alpha_value": 0.08295009492046529, "_wandb": {"runtime": 1610}}