{"eval/episode": 0.0, "eval/train/episode_return": 122.37715855180025, "eval/color_easy/episode_return": 130.93506137969922, "eval/color_hard/episode_return": 112.94663761380775, "eval/video_easy/episode_return": 139.41496934533018, "eval/video_hard/episode_return": 130.17489209516756, "eval/step": 0, "_timestamp": 1693918596.5458405, "_runtime": 524.0538206100464, "_step": 1000, "train/episode_return": 161.7269919553791, "train/episode": 4.0, "train/duration": 0.6825559139251709, "train/step": 1000, "_wandb": {"runtime": 621}}