{"eval/episode": 50.0, "eval/train/episode_return": 372.3721222497896, "eval/color_easy/episode_return": 408.07251035341824, "eval/color_hard/episode_return": 381.56501382611816, "eval/video_easy/episode_return": 384.57818524973203, "eval/video_hard/episode_return": 273.3593887834472, "eval/duration": 924.3880224227905, "eval/step": 25000, "_timestamp": 1693925546.408801, "_runtime": 5716.732217073441, "_step": 50000, "train/episode_return": 486.5656084259815, "train/episode": 100.0, "train/duration": 53.461846113204956, "train/step": 50000, "train/critic/loss": 3.2355672328472136, "train/actor/loss": -71.94002212524414, "train/alpha/loss": -0.0015865046409890057, "train/alpha/value": 0.018325735779279068, "_wandb": {"runtime": 6629}}