{"eval/episode": 0.0, "eval/episode_reward": 2.0039842000229298, "eval/episode_reward_test_env": 6.763171474431985, "eval/step": 0, "_timestamp": 1693915345.9254074, "_runtime": 402.4153983592987, "_step": 17, "train/episode_reward": 152.2866438303513, "train/episode": 17.0, "train/duration": 11.04284405708313, "train/step": 2125, "train/critic_loss": 46.67042321777344, "train/actor_loss": -17.62589771028549, "train/alpha_loss": -0.056511513763181274, "train/alpha_value": 0.09205975516120453, "_wandb": {"runtime": 408}}