{"eval/episode": 30.0, "eval/_episode_reward": 235.76803162321715, "eval/color_easy_episode_reward": 224.4850228287547, "eval/step": 3750, "_timestamp": 1693917476.6290214, "_runtime": 1598.5304973125458, "_step": 42, "eval/color_hard_episode_reward": 216.1101689093923, "eval/video_easy_episode_reward": 208.97597206704708, "eval/video_hard_episode_reward": 182.754489315713, "train/episode_reward": 318.1464176581506, "train/episode": 30.0, "train/duration": 8.247569799423218, "train/step": 3750, "train/critic_loss": 38.16429937744141, "train/actor_loss": -30.79859192140641, "train/alpha_loss": 0.013844240719692842, "train/alpha_value": 0.08643572342294074, "_wandb": {"runtime": 1611}}