{"eval/episode": 0.0, "eval/episode_reward": 22.359918567033926, "eval/episode_reward_test_env": 23.293648163221807, "eval/step": 0, "_timestamp": 1693913989.579687, "_runtime": 482.04164123535156, "_step": 2, "train/episode_reward": 60.17089284832727, "train/episode": 2.0, "train/duration": 0.819598913192749, "train/step": 1000, "_wandb": {"runtime": 483}}