{"eval/episode": 10.0, "eval/_episode_reward": 0.0, "eval/color_easy_episode_reward": 0.0, "eval/step": 2500, "_timestamp": 1693917480.6891384, "_runtime": 1600.5974843502045, "_step": 21, "eval/color_hard_episode_reward": 0.0, "eval/video_easy_episode_reward": 0.0, "eval/video_hard_episode_reward": 0.0, "train/episode_reward": 0.0, "train/episode": 14.0, "train/duration": 16.523066520690918, "train/step": 3500, "train/critic_loss": 0.12526601529214532, "train/actor_loss": -2.4418632164001464, "train/alpha_loss": 0.27169486784935, "train/alpha_value": 0.08105413535068408, "_wandb": {"runtime": 1608}}