{"eval/episode": 10.0, "eval/_episode_reward": 0.7491367466544891, "eval/color_easy_episode_reward": 0.6133728511404262, "eval/step": 2500, "_timestamp": 1693917482.4197094, "_runtime": 1613.4871895313263, "_step": 22, "eval/color_hard_episode_reward": 2.758755751392927, "eval/video_easy_episode_reward": 0.6069229992405386, "eval/video_hard_episode_reward": 1.1014114094216128, "train/episode_reward": 42.62642537335307, "train/episode": 15.0, "train/duration": 16.794766426086426, "train/step": 3750, "train/critic_loss": 0.058568973079323766, "train/actor_loss": -8.683595886230469, "train/alpha_loss": 0.7857631139755249, "train/alpha_value": 0.08013498993053093, "_wandb": {"runtime": 1619}}