{"eval/episode": 0.0, "eval/episode_reward": 21.301920512376352, "eval/episode_reward_test_env": 23.049434750024613, "eval/step": 0, "_timestamp": 1693912607.8283036, "_runtime": 229.94805550575256, "_step": 8, "train/episode_reward": 82.41571740463263, "train/episode": 8.0, "train/duration": 0.3054935932159424, "train/step": 1000, "_wandb": {"runtime": 230}}