{"eval/episode": 100.0, "eval/train/episode_return": 182.27476756165663, "eval/color_easy/episode_return": 182.4325954800884, "eval/color_hard/episode_return": 181.6482642007211, "eval/video_easy/episode_return": 166.46225693630905, "eval/video_hard/episode_return": 134.66422643607, "eval/duration": 1587.321313381195, "eval/step": 25000, "_timestamp": 1693926254.7693868, "_runtime": 6422.946869850159, "_step": 37500, "train/episode_return": 156.46008585107282, "train/episode": 150.0, "train/duration": 15.644275188446045, "train/step": 37500, "train/critic/loss": 0.7911952550411224, "train/actor/loss": -46.714270416259765, "train/alpha/loss": 0.09421708416938782, "train/alpha/value": 0.018488967345443096, "_wandb": {"runtime": 6628}}