{"eval/episode": 10.0, "eval/_episode_reward": 25.31685721492791, "eval/color_easy_episode_reward": 17.111343943694315, "eval/step": 5000, "_timestamp": 1693917177.0609264, "_runtime": 1311.3541843891144, "_step": 15, "eval/color_hard_episode_reward": 16.413631208775072, "eval/video_easy_episode_reward": 21.308951395597262, "eval/video_hard_episode_reward": 19.333966465312272, "train/episode_reward": 49.21697001759454, "train/episode": 10.0, "train/duration": 37.17537236213684, "train/step": 5000, "train/critic_loss": 0.2035310033261776, "train/actor_loss": -10.080076889038086, "train/alpha_loss": 0.7518394622802734, "train/alpha_value": 0.07606443317737245, "_wandb": {"runtime": 1622}}