{"eval/episode": 50.0, "eval/train/episode_return": 114.79860203170354, "eval/color_easy/episode_return": 113.35599199882363, "eval/color_hard/episode_return": 113.16267686471926, "eval/video_easy/episode_return": 110.67574244940347, "eval/video_hard/episode_return": 81.19155551059335, "eval/duration": 845.9369447231293, "eval/step": 25000, "_timestamp": 1693925651.2429059, "_runtime": 5806.053626775742, "_step": 50000, "train/episode_return": 326.5787477838116, "train/episode": 100.0, "train/duration": 53.185628175735474, "train/step": 50000, "train/critic/loss": 2.9430200424194335, "train/actor/loss": -63.68312448120117, "train/alpha/loss": 0.00010977943101897836, "train/alpha/value": 0.019196246245216913, "_wandb": {"runtime": 6614}}