{"eval/episode": 100.0, "eval/train/episode_return": 391.9, "eval/color_easy/episode_return": 227.1, "eval/color_hard/episode_return": 390.1, "eval/video_easy/episode_return": 242.5, "eval/video_hard/episode_return": 151.6, "eval/duration": 432.6271631717682, "eval/frame": 100000, "_timestamp": 1693977467.0020173, "_runtime": 6250.7241632938385, "_step": 131000, "train/episode_return": 976.0, "train/episode": 131.0, "train/duration": 25.896868467330933, "train/frame": 131000, "train/critic/loss": 536.5123901977539, "train/actor/loss": -154.5651591796875, "train/alpha/loss": -0.08375705102831126, "train/alpha/value": 0.09096045568292299}