{"eval/episode": 0.0, "eval/_episode_reward": 21.334288810540293, "eval/color_easy_episode_reward": 19.98455582140283, "eval/step": 0, "_timestamp": 1693915636.649308, "_runtime": 163.10889601707458, "_step": 1, "eval/color_hard_episode_reward": 20.34228829996426, "_wandb": {"runtime": 270}}