{"eval/episode": 50.0, "eval/train/episode_return": 124.71466703861797, "eval/color_easy/episode_return": 94.29717699644506, "eval/color_hard/episode_return": 105.04160573268712, "eval/video_easy/episode_return": 128.83305572382557, "eval/video_hard/episode_return": 89.95402446927247, "eval/duration": 830.2869741916656, "eval/step": 25000, "_timestamp": 1693925545.7869337, "_runtime": 5708.92201256752, "_step": 50000, "train/episode_return": 134.48880342550004, "train/episode": 100.0, "train/duration": 55.44267916679382, "train/step": 50000, "train/critic/loss": 2.655649315536022, "train/actor/loss": -27.98984044647217, "train/alpha/loss": 0.02966019737161696, "train/alpha/value": 0.011190607202521722, "_wandb": {"runtime": 6622}}