{"eval/episode": 100.0, "eval/train/episode_return": 732.3, "eval/color_easy/episode_return": 643.2, "eval/color_hard/episode_return": 664.5, "eval/video_easy/episode_return": 616.6, "eval/video_hard/episode_return": 255.6, "eval/duration": 1272.2538294792175, "eval/step": 25000, "_timestamp": 1693926310.0541465, "_runtime": 6476.226853609085, "_step": 37500, "train/episode_return": 974.0, "train/episode": 150.0, "train/duration": 19.678607940673828, "train/step": 37500, "train/critic/loss": 193.831003326416, "train/actor/loss": -189.79026208496094, "train/alpha/loss": -0.05849802700802684, "train/alpha/value": 0.17653795834730368, "_wandb": {"runtime": 6625}}