{"eval/episode": 500.0, "eval/train/episode_return": 660.7075482334334, "eval/color_easy/episode_return": 697.6717476713885, "eval/color_hard/episode_return": 633.2052487466752, "eval/video_easy/episode_return": 674.3256419270708, "eval/video_hard/episode_return": 400.3060713528476, "eval/duration": 317.58569073677063, "eval/frame": 500000, "_timestamp": 1693936537.752598, "_runtime": 9987.964417934418, "_step": 500000, "train/episode_return": 768.2641969999161, "train/episode": 501.0, "train/duration": 13.017235517501831, "train/frame": 500000, "train/critic/loss": 46.247711181640625, "train/actor/loss": -655.28515625, "train/alpha/loss": -0.021616674959659576, "train/alpha/value": 0.1530775896500333, "eval/color_easy/final_episode_return": 724.6895904796895, "eval/color_hard/final_episode_return": 740.2938095856364, "eval/video_easy/final_episode_return": 705.1495854183715, "eval/video_hard/final_episode_return": 390.83147470739027, "_wandb": {"runtime": 9988}}