{"eval/episode": 500.0, "eval/train/episode_return": 944.3209195383563, "eval/color_easy/episode_return": 938.9486931280848, "eval/color_hard/episode_return": 943.4105270089303, "eval/video_easy/episode_return": 965.506105637899, "eval/video_hard/episode_return": 831.288500456941, "eval/duration": 538.946783542633, "eval/frame": 500000, "_timestamp": 1693947838.787194, "_runtime": 21297.920696020126, "_step": 500000, "train/episode_return": 976.3356431557745, "train/episode": 501.0, "train/duration": 26.18567156791687, "train/frame": 500000, "train/critic/loss": 6.352263450622559, "train/actor/loss": -388.59161376953125, "train/alpha/loss": 0.014787519350647926, "train/alpha/value": 0.015054326256477088, "eval/color_easy/final_episode_return": 949.2473961692652, "eval/color_hard/final_episode_return": 882.132259099954, "eval/video_easy/final_episode_return": 959.3258880853958, "eval/video_hard/final_episode_return": 707.2948714162254, "_wandb": {"runtime": 21297}}