{"eval/episode": 50.0, "eval/train/episode_return": 307.3, "eval/color_easy/episode_return": 297.1, "eval/color_hard/episode_return": 214.3, "eval/video_easy/episode_return": 208.5, "eval/video_hard/episode_return": 95.2, "eval/duration": 863.0274469852448, "eval/step": 25000, "_timestamp": 1693925547.7990978, "_runtime": 5716.6353397369385, "_step": 50000, "train/episode_return": 568.0, "train/episode": 100.0, "train/duration": 54.33899974822998, "train/step": 50000, "train/critic/loss": 1.1972294400930406, "train/actor/loss": -59.558596969604494, "train/alpha/loss": -0.006866443150676787, "train/alpha/value": 0.0715084224723977, "_wandb": {"runtime": 6628}}