{"eval/episode": 10.0, "eval/_episode_reward": 78.9, "eval/color_easy_episode_reward": 120.6, "eval/step": 2500, "_timestamp": 1693917482.5032852, "_runtime": 1608.259690284729, "_step": 21, "eval/color_hard_episode_reward": 111.9, "eval/video_easy_episode_reward": 114.3, "eval/video_hard_episode_reward": 137.1, "train/episode_reward": 28.0, "train/episode": 14.0, "train/duration": 22.449594974517822, "train/step": 3500, "train/critic_loss": 10.943447396278382, "train/actor_loss": -19.644992889404296, "train/alpha_loss": 0.10115073351562023, "train/alpha_value": 0.0850220465090241, "_wandb": {"runtime": 1614}}