{"eval/episode": 0.0, "eval/episode_reward": 0.2872804551883675, "eval/episode_reward_test_env": 1.2291196988163975, "eval/step": 0, "_timestamp": 1693914830.181232, "_runtime": 547.675873041153, "_step": 10, "train/episode_reward": 15.369008013784272, "train/episode": 10.0, "train/duration": 20.252914667129517, "train/step": 2500, "train/critic_loss": 0.06828348337113857, "train/actor_loss": -6.909244636535645, "train/alpha_loss": 0.8434878096580506, "train/alpha_value": 0.08492637426440183, "_wandb": {"runtime": 560}}