{"eval/episode": 0.0, "eval/episode_reward": 117.46666666666667, "eval/episode_reward_test_env": 114.56666666666666, "eval/step": 0, "_timestamp": 1693914830.0962749, "_runtime": 557.8805298805237, "_step": 9, "train/episode_reward": 0.0, "train/episode": 9.0, "train/duration": 24.941888332366943, "train/step": 2250, "train/critic_loss": 9.951659784317016, "train/actor_loss": -10.980318504333496, "train/alpha_loss": 0.053142898306250574, "train/alpha_value": 0.08888081120644489, "_wandb": {"runtime": 572}}