{"eval/episode": 0.0, "eval/train/episode_return": 24.459515323735143, "eval/color_easy/episode_return": 23.213908433113772, "eval/color_hard/episode_return": 25.46923045121232, "eval/video_easy/episode_return": 13.66347410197829, "eval/video_hard/episode_return": 18.29376621167014, "eval/step": 0, "_timestamp": 1693918645.4338028, "_runtime": 558.2746248245239, "_step": 3125, "train/episode_return": 236.71783565539837, "train/episode": 25.0, "train/duration": 11.233043670654297, "train/step": 3125, "train/critic/loss": 55.21638609313965, "train/actor/loss": -26.33716789124504, "train/alpha/loss": 0.032065206842999606, "train/alpha/value": 0.0870706393624373, "_wandb": {"runtime": 606}}