{"eval/episode": 200.0, "eval/train/episode_return": 614.9, "eval/color_easy/episode_return": 611.0, "eval/color_hard/episode_return": 538.2, "eval/video_easy/episode_return": 584.2, "eval/video_hard/episode_return": 349.9, "eval/duration": 742.2243163585663, "eval/frame": 200000, "_timestamp": 1693977462.5271716, "_runtime": 15808.231268644333, "_step": 226000, "train/episode_return": 615.0, "train/episode": 226.0, "train/duration": 45.16103720664978, "train/frame": 226000, "train/critic/loss": 0.29337871927022935, "train/actor/loss": -106.45052841186524, "train/alpha/loss": -0.00025784174120053647, "train/alpha/value": 0.056628042460125864}