{"eval/episode": 500.0, "eval/train/episode_return": 281.7216701587096, "eval/color_easy/episode_return": 275.63481348356595, "eval/color_hard/episode_return": 262.66384039581664, "eval/video_easy/episode_return": 264.33364153911276, "eval/video_hard/episode_return": 141.7399669890197, "eval/duration": 538.1767339706421, "eval/frame": 500000, "_timestamp": 1693947742.9517615, "_runtime": 21193.42191338539, "_step": 500000, "train/episode_return": 265.285901108556, "train/episode": 501.0, "train/duration": 20.044215202331543, "train/frame": 500000, "train/critic/loss": 5.164217472076416, "train/actor/loss": -71.94638061523438, "train/alpha/loss": -0.003561953082680702, "train/alpha/value": 0.01143970088314329, "eval/color_easy/final_episode_return": 273.7243181543954, "eval/color_hard/final_episode_return": 256.7674238347457, "eval/video_easy/final_episode_return": 248.9337952945667, "eval/video_hard/final_episode_return": 120.89844960557578, "_wandb": {"runtime": 21193}}