{"eval/episode": 100.0, "eval/train/episode_return": 917.6713746195635, "eval/color_easy/episode_return": 871.1983785502589, "eval/color_hard/episode_return": 930.78443026264, "eval/video_easy/episode_return": 917.3862860595622, "eval/video_hard/episode_return": 612.7847516541509, "eval/duration": 1279.5217945575714, "eval/step": 25000, "_timestamp": 1693926359.7692926, "_runtime": 6523.71941947937, "_step": 37500, "train/episode_return": 952.3215510725971, "train/episode": 150.0, "train/duration": 15.580105304718018, "train/step": 37500, "train/critic/loss": 22.301003059387206, "train/actor/loss": -257.0794001464844, "train/alpha/loss": 0.012687022767961026, "train/alpha/value": 0.06699667575212699, "_wandb": {"runtime": 6623}}