{"eval/episode": 500.0, "eval/train/episode_return": 954.1955944599025, "eval/color_easy/episode_return": 960.4453466350158, "eval/color_hard/episode_return": 828.5407207621414, "eval/video_easy/episode_return": 959.1866717490966, "eval/video_hard/episode_return": 723.6035534110206, "eval/duration": 1705.1720802783966, "eval/frame": 500000, "_timestamp": 1693958867.8662667, "_runtime": 22276.700217723846, "_step": 500000, "train/episode_return": 953.7635596122824, "train/episode": 501.0, "train/duration": 25.68346095085144, "train/frame": 500000, "train/critic/loss": 9.174898147583008, "train/actor/loss": -390.415771484375, "train/alpha/loss": -0.002355550415813923, "train/alpha/value": 0.012473451249966752, "eval/color_easy/final_episode_return": 902.2886286116121, "eval/color_hard/final_episode_return": 919.5343215094538, "eval/video_easy/final_episode_return": 968.8888897266285, "eval/video_hard/final_episode_return": 624.7850777680776, "_wandb": {"runtime": 22276}}