{"eval/episode": 500.0, "eval/train/episode_return": 803.7339023884945, "eval/color_easy/episode_return": 738.2911238848012, "eval/color_hard/episode_return": 736.2203880497857, "eval/video_easy/episode_return": 797.5791228044261, "eval/video_hard/episode_return": 389.9261391842298, "eval/duration": 789.8912026882172, "eval/frame": 500000, "_timestamp": 1693961613.979446, "_runtime": 35057.707782030106, "_step": 500000, "train/episode_return": 850.5587756091551, "train/episode": 501.0, "train/duration": 40.57168745994568, "train/frame": 500000, "train/critic/loss": 3.5443639755249023, "train/actor/loss": -156.39503479003906, "train/alpha/loss": 0.01280560065060854, "train/alpha/value": 0.018820058672465917, "eval/color_easy/final_episode_return": 817.2679437036397, "eval/color_hard/final_episode_return": 735.2174763415009, "eval/video_easy/final_episode_return": 815.0943944549879, "eval/video_hard/final_episode_return": 378.9847158282262, "_wandb": {"runtime": 35057}}