{"eval/episode": 400.0, "eval/train/episode_return": 761.4371397221292, "eval/color_easy/episode_return": 681.6857384326074, "eval/color_hard/episode_return": 704.8479658306189, "eval/video_easy/episode_return": 739.2878939646657, "eval/video_hard/episode_return": 561.7641459688584, "eval/duration": 456.7646555900574, "eval/frame": 400000, "_timestamp": 1693977483.2392795, "_runtime": 17604.789554595947, "_step": 440000, "train/episode_return": 960.2291458703376, "train/episode": 440.0, "train/duration": 19.376145839691162, "train/frame": 440000, "train/critic/loss": 56.456390014648434, "train/actor/loss": -323.0510300292969, "train/alpha/loss": 0.032330606997013095, "train/alpha/value": 0.08531502216753022}