{"eval/episode": 400.0, "eval/train/episode_return": 780.8620749137003, "eval/color_easy/episode_return": 756.3762307495158, "eval/color_hard/episode_return": 694.290838601322, "eval/video_easy/episode_return": 737.5708156637845, "eval/video_hard/episode_return": 410.4240623642713, "eval/duration": 274.06167435646057, "eval/frame": 400000, "_timestamp": 1693977501.2688553, "_runtime": 12427.142536401749, "_step": 437000, "train/episode_return": 791.8902085828997, "train/episode": 437.0, "train/duration": 9.680950164794922, "train/frame": 437000, "train/critic/loss": 85.02772843933106, "train/actor/loss": -632.7430671812996, "train/alpha/loss": 0.006018399940951476, "train/alpha/value": 0.25605766152815973}