{"eval/episode": 500.0, "eval/train/episode_return": 975.1, "eval/color_easy/episode_return": 980.5, "eval/color_hard/episode_return": 974.7, "eval/video_easy/episode_return": 838.0, "eval/video_hard/episode_return": 315.2, "eval/duration": 766.0125741958618, "eval/frame": 500000, "_timestamp": 1693961429.8478389, "_runtime": 34886.22482776642, "_step": 500000, "train/episode_return": 952.0, "train/episode": 501.0, "train/duration": 41.797544956207275, "train/frame": 500000, "train/critic/loss": 0.7096525430679321, "train/actor/loss": -165.9591064453125, "train/alpha/loss": -0.028127022087574005, "train/alpha/value": 0.12822663734106168, "eval/color_easy/final_episode_return": 977.3, "eval/color_hard/final_episode_return": 968.4, "eval/video_easy/final_episode_return": 844.5, "eval/video_hard/final_episode_return": 311.5, "_wandb": {"runtime": 34886}}