{"eval/episode": 0.0, "eval/train/episode_return": 121.56636674823505, "eval/color_easy/episode_return": 119.14503788592476, "eval/color_hard/episode_return": 121.36048885134403, "eval/video_easy/episode_return": 119.3787216542906, "eval/video_hard/episode_return": 124.62438672950611, "eval/step": 0, "_timestamp": 1693918603.4074738, "_runtime": 521.0988616943359, "_step": 1000, "train/episode_return": 152.294372455248, "train/episode": 4.0, "train/duration": 0.6169910430908203, "train/step": 1000, "_wandb": {"runtime": 611}}