{"eval/episode": 500.0, "eval/train/episode_return": 921.4713460436276, "eval/color_easy/episode_return": 925.8409852699881, "eval/color_hard/episode_return": 924.4533599869528, "eval/video_easy/episode_return": 938.662774642689, "eval/video_hard/episode_return": 851.7943221805033, "eval/duration": 1547.101000070572, "eval/frame": 500000, "_timestamp": 1693973397.9441483, "_runtime": 25604.408833265305, "_step": 500000, "train/episode_return": 977.213401918437, "train/episode": 501.0, "train/duration": 27.134228706359863, "train/frame": 500000, "train/critic/loss": 14.059103965759277, "train/actor/loss": -386.77471923828125, "train/alpha/loss": 0.013918118551373482, "train/alpha/value": 0.015516869522604499, "eval/color_easy/final_episode_return": 932.674639296393, "eval/color_hard/final_episode_return": 833.3412294385495, "eval/video_easy/final_episode_return": 940.466034418947, "eval/video_hard/final_episode_return": 762.2316874681087, "_wandb": {"runtime": 25604}}