{"eval/episode": 0.0, "eval/episode_reward": 128.87551400134447, "eval/episode_reward_test_env": 124.22879734967161, "eval/step": 0, "_timestamp": 1693914830.6502984, "_runtime": 558.8937182426453, "_step": 9, "train/episode_reward": 163.3650658916616, "train/episode": 9.0, "train/duration": 20.84217095375061, "train/step": 2250, "train/critic_loss": 32.21569911956787, "train/actor_loss": -14.735093757629395, "train/alpha_loss": 0.3909607396125793, "train/alpha_value": 0.08884123788920027, "_wandb": {"runtime": 572}}