{"eval/episode": 0.0, "eval/episode_reward": 2.0039842000229298, "eval/episode_reward_test_env": 6.763171474431985, "eval/step": 0, "_timestamp": 1693914832.3065822, "_runtime": 556.6157042980194, "_step": 28, "train/episode_reward": 160.86741364354583, "train/episode": 28.0, "train/duration": 13.610300779342651, "train/step": 3500, "train/critic_loss": 3.536532106399536, "train/actor_loss": -19.687458069093765, "train/alpha_loss": 0.12497553685980459, "train/alpha_value": 0.08816284820029825, "_wandb": {"runtime": 568}}