{"eval/episode": 500.0, "eval/train/episode_return": 235.66364278512165, "eval/color_easy/episode_return": 206.800153177004, "eval/color_hard/episode_return": 165.78576133289832, "eval/video_easy/episode_return": 175.48283607497805, "eval/video_hard/episode_return": 96.57648124091978, "eval/duration": 942.0594177246094, "eval/frame": 500000, "_timestamp": 1693945302.9841733, "_runtime": 18760.813851356506, "_step": 500000, "train/episode_return": 252.12757801076015, "train/episode": 501.0, "train/duration": 16.3740017414093, "train/frame": 500000, "train/critic/loss": 6.016595363616943, "train/actor/loss": -94.47607421875, "train/alpha/loss": -0.006242541596293449, "train/alpha/value": 0.019687984565002065, "eval/color_easy/final_episode_return": 172.36331250088188, "eval/color_hard/final_episode_return": 237.5231540035125, "eval/video_easy/final_episode_return": 226.18380953601846, "eval/video_hard/final_episode_return": 91.07887439836449, "_wandb": {"runtime": 18760}}