{"eval/episode": 10.0, "eval/_episode_reward": 24.971492191422197, "eval/color_easy_episode_reward": 22.80465691535417, "eval/step": 5000, "_timestamp": 1693917222.8027315, "_runtime": 1340.7562005519867, "_step": 15, "eval/color_hard_episode_reward": 23.69182128279016, "eval/video_easy_episode_reward": 20.519767410431562, "eval/video_hard_episode_reward": 24.673010836096562, "train/episode_reward": 36.511334513705286, "train/episode": 10.0, "train/duration": 35.90318727493286, "train/step": 5000, "train/critic_loss": 0.08580437572300434, "train/actor_loss": -10.513167129516601, "train/alpha_loss": 0.7617019112110138, "train/alpha_value": 0.07604511659680299, "_wandb": {"runtime": 1607}}