{"eval/episode": 300.0, "eval/train/episode_return": 226.69397737557247, "eval/color_easy/episode_return": 196.04501400107648, "eval/color_hard/episode_return": 169.26123938932022, "eval/video_easy/episode_return": 138.80804495739636, "eval/video_hard/episode_return": 90.42513072423466, "eval/duration": 463.3625888824463, "eval/frame": 300000, "_timestamp": 1693977382.848177, "_runtime": 15339.65729188919, "_step": 349000, "train/episode_return": 216.8917834326341, "train/episode": 349.0, "train/duration": 16.274003267288208, "train/frame": 349000, "train/critic/loss": 6.2806173319816585, "train/actor/loss": -77.14295916748047, "train/alpha/loss": -0.0048509883619844915, "train/alpha/value": 0.015653202758188798}