{"eval/episode": 500.0, "eval/train/episode_return": 234.3722308364641, "eval/color_easy/episode_return": 236.5783786713188, "eval/color_hard/episode_return": 224.09307213009538, "eval/video_easy/episode_return": 205.50418442091828, "eval/video_hard/episode_return": 113.09994508533484, "eval/duration": 1169.0053293704987, "eval/frame": 500000, "_timestamp": 1693965030.6505957, "_runtime": 19717.24679660797, "_step": 500000, "train/episode_return": 274.24296358443735, "train/episode": 501.0, "train/duration": 20.239108562469482, "train/frame": 500000, "train/critic/loss": 32.83583068847656, "train/actor/loss": -72.22943115234375, "train/alpha/loss": 0.008284351788461208, "train/alpha/value": 0.009189432339455747, "eval/color_easy/final_episode_return": 234.05318920605728, "eval/color_hard/final_episode_return": 224.86497980319905, "eval/video_easy/final_episode_return": 222.12729501219474, "eval/video_hard/final_episode_return": 114.3590475259762, "_wandb": {"runtime": 19717}}