{"eval/episode": 0.0, "eval/episode_reward": 74.5, "eval/episode_reward_test_env": 104.86666666666666, "eval/step": 0, "_timestamp": 1693914818.261666, "_runtime": 536.4969210624695, "_step": 7, "train/episode_reward": 981.0, "train/episode": 7.0, "train/duration": 25.546895027160645, "train/step": 1750, "train/critic_loss": 6.691486842632294, "train/actor_loss": -17.117021896362306, "train/alpha_loss": 0.13464680868387222, "train/alpha_value": 0.09057778017751769, "_wandb": {"runtime": 562}}