{"eval/episode": 400.0, "eval/train/episode_return": 922.0, "eval/color_easy/episode_return": 913.8, "eval/color_hard/episode_return": 819.7, "eval/video_easy/episode_return": 767.5, "eval/video_hard/episode_return": 346.1, "eval/duration": 806.7004759311676, "eval/frame": 400000, "_timestamp": 1693977157.228321, "_runtime": 31890.55224299431, "_step": 449000, "train/episode_return": 875.0, "train/episode": 449.0, "train/duration": 55.51028084754944, "train/frame": 449000, "train/critic/loss": 0.8130204466879368, "train/actor/loss": -164.34442517089843, "train/alpha/loss": -0.003903345893137157, "train/alpha/value": 0.0771445763295612}