{"eval/episode": 0.0, "eval/episode_reward": 128.57647987696814, "eval/episode_reward_test_env": 132.57634592778945, "eval/step": 0, "_timestamp": 1693914827.057349, "_runtime": 546.9333920478821, "_step": 7, "train/episode_reward": 257.9906786544713, "train/episode": 7.0, "train/duration": 26.194416999816895, "train/step": 1750, "train/critic_loss": 22.787188228607178, "train/actor_loss": -19.544817016601563, "train/alpha_loss": 0.3009915310740471, "train/alpha_value": 0.09418738872657029, "_wandb": {"runtime": 564}}