{"eval/episode": 500.0, "eval/train/episode_return": 968.0, "eval/color_easy/episode_return": 963.6, "eval/color_hard/episode_return": 956.1, "eval/video_easy/episode_return": 849.0, "eval/video_hard/episode_return": 454.7, "eval/duration": 1652.5937132835388, "eval/frame": 500000, "_timestamp": 1693973452.0443876, "_runtime": 25872.852115631104, "_step": 500000, "train/episode_return": 948.0, "train/episode": 501.0, "train/duration": 20.014913320541382, "train/frame": 500000, "train/critic/loss": 27.093448638916016, "train/actor/loss": -372.52117919921875, "train/alpha/loss": 0.02691660262644291, "train/alpha/value": 0.04341883432903529, "eval/color_easy/final_episode_return": 978.0, "eval/color_hard/final_episode_return": 977.7, "eval/video_easy/final_episode_return": 880.1, "eval/video_hard/final_episode_return": 321.5, "_wandb": {"runtime": 25873}}