{"eval/episode": 500.0, "eval/train/episode_return": 439.1, "eval/color_easy/episode_return": 205.7, "eval/color_hard/episode_return": 235.4, "eval/video_easy/episode_return": 290.9, "eval/video_hard/episode_return": 210.1, "eval/duration": 1373.4380416870117, "eval/frame": 500000, "_timestamp": 1693958760.4164286, "_runtime": 22044.40183854103, "_step": 500000, "train/episode_return": 953.0, "train/episode": 501.0, "train/duration": 21.52436089515686, "train/frame": 500000, "train/critic/loss": 44.70411682128906, "train/actor/loss": -180.02516174316406, "train/alpha/loss": -0.0009318022057414055, "train/alpha/value": 0.08160161007050822, "eval/color_easy/final_episode_return": 344.1, "eval/color_hard/final_episode_return": 202.1, "eval/video_easy/final_episode_return": 206.9, "eval/video_hard/final_episode_return": 128.3, "_wandb": {"runtime": 22044}}