{"eval/episode": 0.0, "eval/episode_reward": 74.5, "eval/episode_reward_test_env": 104.86666666666666, "eval/step": 0, "_timestamp": 1693912333.7504313, "_runtime": 323.1693332195282, "_step": 4, "train/episode_reward": 42.0, "train/episode": 4.0, "train/duration": 0.28685927391052246, "train/step": 1000, "_wandb": {"runtime": 324}}