{"eval/episode": 0.0, "eval/train/episode_return": 2.2011365483106653, "eval/color_easy/episode_return": 0.9577045139716104, "eval/color_hard/episode_return": 2.4925034243293753, "eval/video_easy/episode_return": 7.22061726761059, "eval/video_hard/episode_return": 7.803000971586364, "eval/duration": 328.34398341178894, "eval/step": 0, "_timestamp": 1693919755.5938573, "_runtime": 548.3642601966858, "_step": 2875, "train/episode_return": 259.7410222740812, "train/episode": 23.0, "train/duration": 12.156512260437012, "train/step": 2875, "train/critic/loss": 21.374437553405762, "train/actor/loss": -18.2571229177808, "train/alpha/loss": 0.045846560541244724, "train/alpha/value": 0.08784683668398391, "_wandb": {"runtime": 552}}