{"eval/episode": 10.0, "eval/_episode_reward": 354.2756115691837, "eval/color_easy_episode_reward": 373.54430429139666, "eval/step": 2500, "_timestamp": 1693917467.7156951, "_runtime": 1603.5271260738373, "_step": 18, "eval/color_hard_episode_reward": 349.8628400850128, "eval/video_easy_episode_reward": 341.93142818467754, "eval/video_hard_episode_reward": 306.14287448810444, "train/episode_reward": 227.4308324762142, "train/episode": 11.0, "train/duration": 855.9778437614441, "train/step": 2750, "train/critic_loss": 12.638056144714355, "train/actor_loss": -22.024046890258788, "train/alpha_loss": 0.2293121348619461, "train/alpha_value": 0.08902245129061878, "_wandb": {"runtime": 1624}}