{"eval/episode": 0.0, "eval/episode_reward": 22.213803151352398, "eval/episode_reward_test_env": 19.742218042611984, "eval/step": 0, "_timestamp": 1693913988.6818364, "_runtime": 488.6142394542694, "_step": 2, "train/episode_reward": 45.31907757881756, "train/episode": 2.0, "train/duration": 0.6872427463531494, "train/step": 1000, "_wandb": {"runtime": 489}}