{"eval/episode": 0.0, "eval/train/episode_return": 0.1846967515084261, "eval/color_easy/episode_return": 0.1959875912063041, "eval/color_hard/episode_return": 0.22545772619858934, "eval/video_easy/episode_return": 0.6056811852615487, "eval/video_hard/episode_return": 0.8782806708566296, "eval/duration": 499.7176992893219, "eval/step": 0, "_timestamp": 1693919712.0492866, "_runtime": 505.7304446697235, "_step": 1000, "train/episode_return": 15.21320308568849, "train/episode": 4.0, "train/duration": 0.3375246524810791, "train/step": 1000, "_wandb": {"runtime": 553}}