{"eval/episode": 10.0, "eval/_episode_reward": 0.0, "eval/color_easy_episode_reward": 0.0, "eval/step": 5000, "_timestamp": 1693917192.399606, "_runtime": 1323.8606820106506, "_step": 15, "eval/color_hard_episode_reward": 0.0, "eval/video_easy_episode_reward": 0.0, "eval/video_hard_episode_reward": 0.0, "train/episode_reward": 5.0, "train/episode": 10.0, "train/duration": 35.08696794509888, "train/step": 5000, "train/critic_loss": 0.00878992054547416, "train/actor_loss": -3.0227838830947875, "train/alpha_loss": 0.25523340570926667, "train/alpha_value": 0.07599832972001348, "_wandb": {"runtime": 1620}}