{"eval/episode": 10.0, "eval/_episode_reward": 188.9, "eval/color_easy_episode_reward": 484.9, "eval/step": 2500, "_timestamp": 1693917483.823284, "_runtime": 1618.139774799347, "_step": 22, "eval/color_hard_episode_reward": 636.3, "eval/video_easy_episode_reward": 573.6, "eval/video_hard_episode_reward": 520.4, "train/episode_reward": 0.0, "train/episode": 15.0, "train/duration": 21.13766884803772, "train/step": 3750, "train/critic_loss": 22.82204383468628, "train/actor_loss": -52.241734588623046, "train/alpha_loss": -0.0983338121175766, "train/alpha_value": 0.09477728909506558, "_wandb": {"runtime": 1623}}