{"eval/episode": 100.0, "eval/train/episode_return": 931.5763940341207, "eval/color_easy/episode_return": 915.5267568939886, "eval/color_hard/episode_return": 922.7165204444236, "eval/video_easy/episode_return": 902.4967183530214, "eval/video_hard/episode_return": 684.8332129757448, "eval/duration": 1262.9876689910889, "eval/step": 25000, "_timestamp": 1693926232.2371838, "_runtime": 6404.560887813568, "_step": 37500, "train/episode_return": 998.2853311410059, "train/episode": 150.0, "train/duration": 15.891462087631226, "train/step": 37500, "train/critic/loss": 31.997803192138672, "train/actor/loss": -268.4539951171875, "train/alpha/loss": 0.06666544435918331, "train/alpha/value": 0.10804519147474398, "_wandb": {"runtime": 6631}}