{"eval/episode": 500.0, "eval/train/episode_return": 386.8, "eval/color_easy/episode_return": 471.4, "eval/color_hard/episode_return": 270.6, "eval/video_easy/episode_return": 654.4, "eval/video_hard/episode_return": 535.5, "eval/duration": 1809.0139818191528, "eval/frame": 500000, "_timestamp": 1693971154.4829397, "_runtime": 23270.884006738663, "_step": 500000, "train/episode_return": 3.0, "train/episode": 501.0, "train/duration": 19.513761043548584, "train/frame": 500000, "train/critic/loss": 255.51394653320312, "train/actor/loss": -255.18898010253906, "train/alpha/loss": 0.038878776133060455, "train/alpha/value": 0.08817889969614784, "eval/color_easy/final_episode_return": 505.7, "eval/color_hard/final_episode_return": 277.0, "eval/video_easy/final_episode_return": 488.1, "eval/video_hard/final_episode_return": 372.7, "_wandb": {"runtime": 23271}}