{"eval/episode": 50.0, "eval/train/episode_return": 291.5, "eval/color_easy/episode_return": 261.6, "eval/color_hard/episode_return": 214.5, "eval/video_easy/episode_return": 265.7, "eval/video_hard/episode_return": 176.4, "eval/duration": 896.8673446178436, "eval/step": 25000, "_timestamp": 1693925634.8795824, "_runtime": 5795.0317413806915, "_step": 50000, "train/episode_return": 712.0, "train/episode": 100.0, "train/duration": 50.860222578048706, "train/step": 50000, "train/critic/loss": 2.252711240053177, "train/actor/loss": -78.17575448608399, "train/alpha/loss": -0.01424948645569384, "train/alpha/value": 0.09644948490776593, "_wandb": {"runtime": 6619}}