{"eval/episode": 150.0, "eval/train/episode_return": 196.7, "eval/color_easy/episode_return": 74.2, "eval/color_hard/episode_return": 13.1, "eval/video_easy/episode_return": 7.8, "eval/video_hard/episode_return": 129.7, "eval/duration": 517.5913734436035, "eval/step": 37500, "_timestamp": 1693926442.65936, "_runtime": 6605.140676021576, "_step": 49000, "train/episode_return": 0.0, "train/episode": 196.0, "train/duration": 15.038456678390503, "train/step": 49000, "train/critic/loss": 18993.073243896484, "train/actor/loss": -332.9810583496094, "train/alpha/loss": -0.09188143263757229, "train/alpha/value": 0.3392633842766433, "_wandb": {"runtime": 6622}}