{"eval/episode": 350.0, "eval/train/episode_return": 863.1, "eval/color_easy/episode_return": 737.5, "eval/color_hard/episode_return": 813.9, "eval/video_easy/episode_return": 661.0, "eval/video_hard/episode_return": 417.4, "eval/duration": 492.4249083995819, "eval/frame": 350000, "_timestamp": 1693977478.3813555, "_runtime": 18341.228089571, "_step": 388000, "train/episode_return": 990.0, "train/episode": 388.0, "train/duration": 20.668925285339355, "train/frame": 388000, "train/critic/loss": 137.96199607086183, "train/actor/loss": -320.39710815429686, "train/alpha/loss": 0.020569829419255257, "train/alpha/value": 0.13135149513175315}