{"eval/episode": 500.0, "eval/train/episode_return": 384.5, "eval/color_easy/episode_return": 488.4, "eval/color_hard/episode_return": 405.6, "eval/video_easy/episode_return": 488.9, "eval/video_hard/episode_return": 465.1, "eval/duration": 466.8536171913147, "eval/frame": 500000, "_timestamp": 1693947530.501815, "_runtime": 20983.086747169495, "_step": 500000, "train/episode_return": 993.0, "train/episode": 501.0, "train/duration": 26.38564109802246, "train/frame": 500000, "train/critic/loss": 49.419288635253906, "train/actor/loss": -207.5874481201172, "train/alpha/loss": -0.004052700474858284, "train/alpha/value": 0.0790282606016098, "eval/color_easy/final_episode_return": 576.5, "eval/color_hard/final_episode_return": 575.9, "eval/video_easy/final_episode_return": 576.8, "eval/video_hard/final_episode_return": 490.1, "_wandb": {"runtime": 20983}}