{"eval/episode": 10.0, "eval/_episode_reward": 300.07834924168685, "eval/color_easy_episode_reward": 292.5114422093192, "eval/step": 2500, "_timestamp": 1693917471.5295644, "_runtime": 1597.8344764709473, "_step": 19, "eval/color_hard_episode_reward": 263.0806837985964, "eval/video_easy_episode_reward": 233.91632830879917, "eval/video_hard_episode_reward": 220.59372422550163, "train/episode_reward": 260.5102565618032, "train/episode": 12.0, "train/duration": 22.414440870285034, "train/step": 3000, "train/critic_loss": 10.778784177780151, "train/actor_loss": -18.626246841430664, "train/alpha_loss": 0.2846956040263176, "train/alpha_value": 0.08643768524574856, "_wandb": {"runtime": 1614}}