{"eval/episode": 10.0, "eval/_episode_reward": 0.0, "eval/color_easy_episode_reward": 0.0, "eval/step": 5000, "_timestamp": 1693917215.1679468, "_runtime": 1337.108238697052, "_step": 15, "eval/color_hard_episode_reward": 0.0, "eval/video_easy_episode_reward": 0.0, "eval/video_hard_episode_reward": 0.0, "train/episode_reward": 0.0, "train/episode": 10.0, "train/duration": 33.708747148513794, "train/step": 5000, "train/critic_loss": 0.07493724897014908, "train/actor_loss": -2.791370927810669, "train/alpha_loss": 0.2545105209350586, "train/alpha_value": 0.07604833109124647, "_wandb": {"runtime": 1610}}