{"eval/episode": 500.0, "eval/train/episode_return": 648.4703480998105, "eval/color_easy/episode_return": 631.9697652413389, "eval/color_hard/episode_return": 706.7297036593884, "eval/video_easy/episode_return": 631.6596412816809, "eval/video_hard/episode_return": 380.15262881600813, "eval/duration": 367.75514245033264, "eval/frame": 500000, "_timestamp": 1693973935.34426, "_runtime": 15017.793797969818, "_step": 500000, "train/episode_return": 826.2032506903512, "train/episode": 501.0, "train/duration": 7.699065685272217, "train/frame": 500000, "train/critic/loss": 20.329320907592773, "train/actor/loss": -642.3724365234375, "train/alpha/loss": -0.0030666207894682884, "train/alpha/value": 0.2116012397939452, "eval/color_easy/final_episode_return": 634.30483052559, "eval/color_hard/final_episode_return": 584.8692386504289, "eval/video_easy/final_episode_return": 697.7170392290525, "eval/video_hard/final_episode_return": 314.7679872342441, "_wandb": {"runtime": 15017}}