{"eval/episode": 0.0, "eval/episode_reward": 0.0, "eval/episode_reward_test_env": 0.0, "eval/step": 0, "_timestamp": 1693914815.5278518, "_runtime": 529.3808789253235, "_step": 6, "train/episode_reward": 0.0, "train/episode": 6.0, "train/duration": 26.90147852897644, "train/step": 1500, "train/critic_loss": 0.8131157066873275, "train/actor_loss": -1.662694725036621, "train/alpha_loss": 0.2573273721933365, "train/alpha_value": 0.08910688205787705, "_wandb": {"runtime": 558}}