{"eval/episode": 400.0, "eval/train/episode_return": 658.4768654994119, "eval/color_easy/episode_return": 618.588845099414, "eval/color_hard/episode_return": 595.5658463556404, "eval/video_easy/episode_return": 638.8833060601721, "eval/video_hard/episode_return": 334.37226566606574, "eval/duration": 757.1186974048615, "eval/frame": 400000, "_timestamp": 1693977428.4179883, "_runtime": 29781.886182308197, "_step": 406000, "train/episode_return": 696.279808742556, "train/episode": 406.0, "train/duration": 53.129252195358276, "train/frame": 406000, "train/critic/loss": 3.9253947412967682, "train/actor/loss": -120.20003427124024, "train/alpha/loss": 6.48659891448915e-05, "train/alpha/value": 0.018606276080095217}