{"eval/episode": 0.0, "eval/train/episode_return": 31.8, "eval/color_easy/episode_return": 31.5, "eval/color_hard/episode_return": 43.7, "eval/video_easy/episode_return": 31.8, "eval/video_hard/episode_return": 28.2, "eval/step": 0, "_timestamp": 1693918681.9959104, "_runtime": 608.033908367157, "_step": 1500, "train/episode_return": 104.0, "train/episode": 6.0, "train/duration": 21.637189388275146, "train/step": 1500, "train/critic/loss": 10.673085738182069, "train/actor/loss": -11.941809547424317, "train/alpha/loss": 0.06191759637184441, "train/alpha/value": 0.09075073551799531, "_wandb": {"runtime": 619}}