{"eval/episode": 200.0, "eval/train/episode_return": 758.1536448273018, "eval/color_easy/episode_return": 783.1403437938422, "eval/color_hard/episode_return": 738.3605648153303, "eval/video_easy/episode_return": 672.2245750710109, "eval/video_hard/episode_return": 302.68112762176054, "eval/duration": 1067.453631401062, "eval/step": 25000, "_timestamp": 1693925817.3544824, "_runtime": 5977.032814502716, "_step": 31250, "train/episode_return": 782.5015744937095, "train/episode": 250.0, "train/duration": 10.62496018409729, "train/step": 31250, "train/critic/loss": 256.8227317504883, "train/actor/loss": -419.6584640010711, "train/alpha/loss": -0.07062454802554942, "train/alpha/value": 0.2674874096497769, "_wandb": {"runtime": 6619}}