{"eval/episode": 100.0, "eval/train/episode_return": 149.5, "eval/color_easy/episode_return": 283.9, "eval/color_hard/episode_return": 193.5, "eval/video_easy/episode_return": 196.8, "eval/video_hard/episode_return": 139.3, "eval/duration": 1376.1193375587463, "eval/step": 25000, "_timestamp": 1693926211.4417226, "_runtime": 6382.958193540573, "_step": 37500, "train/episode_return": 965.0, "train/episode": 150.0, "train/duration": 20.128601551055908, "train/step": 37500, "train/critic/loss": 95.32878540039063, "train/actor/loss": -206.79840405273438, "train/alpha/loss": 0.008483409916982055, "train/alpha/value": 0.13427129268972265, "_wandb": {"runtime": 6631}}