{"eval/episode": 0.0, "eval/train/episode_return": 24.459515323735143, "eval/color_easy/episode_return": 23.213908433113772, "eval/color_hard/episode_return": 25.46923045121232, "eval/video_easy/episode_return": 13.66347410197829, "eval/video_hard/episode_return": 18.29376621167014, "eval/duration": 326.3020672798157, "eval/step": 0, "_timestamp": 1693919754.4068882, "_runtime": 538.6836023330688, "_step": 2875, "train/episode_return": 232.82647444851315, "train/episode": 23.0, "train/duration": 8.973013639450073, "train/step": 2875, "train/critic/loss": 30.792911483764648, "train/actor/loss": -21.89641371227446, "train/alpha/loss": 0.04232702185473745, "train/alpha/value": 0.08621439251425722, "_wandb": {"runtime": 543}}