{"eval/episode": 250.0, "eval/train/episode_return": 902.7205899071856, "eval/color_easy/episode_return": 864.054785022473, "eval/color_hard/episode_return": 826.0465429017671, "eval/video_easy/episode_return": 859.5396477220996, "eval/video_hard/episode_return": 435.7938758680124, "eval/duration": 759.9234070777893, "eval/frame": 250000, "_timestamp": 1693977441.173867, "_runtime": 18234.230531930923, "_step": 257000, "train/episode_return": 820.638594932389, "train/episode": 257.0, "train/duration": 52.24540591239929, "train/frame": 257000, "train/critic/loss": 7.800259889602661, "train/actor/loss": -144.05243450927733, "train/alpha/loss": 0.0024854887695983053, "train/alpha/value": 0.028194425186282027}