{"eval/episode": 0.0, "eval/train/episode_return": 24.459515323735143, "eval/color_easy/episode_return": 23.213908433113772, "eval/color_hard/episode_return": 25.46923045121232, "eval/video_easy/episode_return": 13.66347410197829, "eval/video_hard/episode_return": 18.29376621167014, "eval/step": 0, "_timestamp": 1693919112.0785515, "_runtime": 331.8934464454651, "_step": 1000, "train/episode_return": 82.65503529820847, "train/episode": 8.0, "train/duration": 0.32405877113342285, "train/step": 1000, "_wandb": {"runtime": 365}}