{"eval/episode": 0.0, "eval/_episode_reward": 20.087904064409503, "eval/color_easy_episode_reward": 20.49774510953089, "eval/step": 0, "_timestamp": 1693915651.7784657, "_runtime": 170.40817880630493, "_step": 1, "eval/color_hard_episode_reward": 19.35105931541252, "_wandb": {"runtime": 259}}