{"eval/episode": 100.0, "eval/train/episode_return": 669.4, "eval/color_easy/episode_return": 680.1, "eval/color_hard/episode_return": 569.1, "eval/video_easy/episode_return": 323.3, "eval/video_hard/episode_return": 325.6, "eval/duration": 1509.6215708255768, "eval/step": 25000, "_timestamp": 1693926157.3702645, "_runtime": 6314.94522857666, "_step": 37500, "train/episode_return": 0.0, "train/episode": 150.0, "train/duration": 15.71211290359497, "train/step": 37500, "train/critic/loss": 211.07896575927734, "train/actor/loss": -277.13893017578124, "train/alpha/loss": -0.12615022711269558, "train/alpha/value": 0.14839405230644048, "_wandb": {"runtime": 6617}}