{"eval/episode": 0.0, "eval/train/episode_return": 0.1846967515084261, "eval/color_easy/episode_return": 0.1959875912063041, "eval/color_hard/episode_return": 0.22545772619858934, "eval/video_easy/episode_return": 0.6056811852615487, "eval/video_hard/episode_return": 0.8782806708566296, "eval/step": 0, "_timestamp": 1693918687.5514734, "_runtime": 611.1378703117371, "_step": 1250, "train/episode_return": 13.263865099918588, "train/episode": 5.0, "train/duration": 105.81489300727844, "train/step": 1250, "train/critic/loss": 0.026752093748701775, "train/actor/loss": -3.101416142021051, "train/alpha/loss": 0.9457560336462544, "train/alpha/value": 0.0946372647292365, "_wandb": {"runtime": 615}}