{"eval/episode": 10.0, "eval/_episode_reward": 31.801441518316192, "eval/color_easy_episode_reward": 36.246411850466885, "eval/step": 5000, "_timestamp": 1693917205.1841378, "_runtime": 1331.4904148578644, "_step": 15, "eval/color_hard_episode_reward": 48.95547688804294, "eval/video_easy_episode_reward": 18.89384843521069, "eval/video_hard_episode_reward": 22.211231857143723, "train/episode_reward": 44.9570014383143, "train/episode": 10.0, "train/duration": 36.308300495147705, "train/step": 5000, "train/critic_loss": 0.21996895829588176, "train/actor_loss": -10.880880409240723, "train/alpha_loss": 0.7266112124919891, "train/alpha_value": 0.07612842602437284, "_wandb": {"runtime": 1615}}