{"eval/episode": 500.0, "eval/train/episode_return": 847.2282503268298, "eval/color_easy/episode_return": 788.6346883875323, "eval/color_hard/episode_return": 733.0275272107335, "eval/video_easy/episode_return": 809.5349383303006, "eval/video_hard/episode_return": 380.0624067143165, "eval/duration": 1094.7890474796295, "eval/frame": 500000, "_timestamp": 1693959155.3153353, "_runtime": 32612.99283027649, "_step": 500000, "train/episode_return": 864.2115828581803, "train/episode": 501.0, "train/duration": 50.0011043548584, "train/frame": 500000, "train/critic/loss": 6.696104526519775, "train/actor/loss": -162.30270385742188, "train/alpha/loss": -0.015619037672877312, "train/alpha/value": 0.023944421402798285, "eval/color_easy/final_episode_return": 793.7425441775848, "eval/color_hard/final_episode_return": 651.5293050914539, "eval/video_easy/final_episode_return": 787.7633906168343, "eval/video_hard/final_episode_return": 351.5985652634912, "_wandb": {"runtime": 32612}}