{"eval/episode": 400.0, "eval/train/episode_return": 197.8359307385959, "eval/color_easy/episode_return": 137.94399478492386, "eval/color_hard/episode_return": 176.9514466223632, "eval/video_easy/episode_return": 154.9043976409237, "eval/video_hard/episode_return": 130.52848332159732, "eval/duration": 420.5758180618286, "eval/frame": 400000, "_timestamp": 1693977199.3421664, "_runtime": 18386.64118051529, "_step": 449000, "train/episode_return": 221.97625730321764, "train/episode": 449.0, "train/duration": 19.39869713783264, "train/frame": 449000, "train/critic/loss": 2.9175054087638856, "train/actor/loss": -65.00496612548828, "train/alpha/loss": -0.0006455118926241994, "train/alpha/value": 0.013800527377803023}