{"eval/episode": 0.0, "eval/_episode_reward": 21.926739032141406, "eval/color_easy_episode_reward": 20.60757647239049, "eval/step": 0, "_timestamp": 1693915656.701397, "_runtime": 167.3809700012207, "_step": 1, "eval/color_hard_episode_reward": 20.640706509792675, "_wandb": {"runtime": 254}}