{"eval/episode": 0.0, "eval/episode_reward": 24.7272298937632, "eval/episode_reward_test_env": 21.465732679645097, "eval/step": 0, "_timestamp": 1693915341.4632998, "_runtime": 389.70895981788635, "_step": 15, "train/episode_reward": 203.98488535316918, "train/episode": 15.0, "train/duration": 10.621729373931885, "train/step": 1875, "train/critic_loss": 29.392770217895507, "train/actor_loss": -14.811223075503396, "train/alpha_loss": 0.06908126500627351, "train/alpha_value": 0.08940572359067797, "_wandb": {"runtime": 399}}