{"eval/episode": 0.0, "eval/episode_reward": 68.23333333333333, "eval/episode_reward_test_env": 32.7, "eval/step": 0, "_timestamp": 1693912703.0934494, "_runtime": 313.0927743911743, "_step": 4, "train/episode_reward": 50.0, "train/episode": 4.0, "train/duration": 0.24818086624145508, "train/step": 1000, "_wandb": {"runtime": 313}}