{"eval/episode": 0.0, "eval/train/episode_return": 0.2597508681654368, "eval/color_easy/episode_return": 0.26910985470208565, "eval/color_hard/episode_return": 0.3152540576203304, "eval/video_easy/episode_return": 0.6520117434241385, "eval/video_hard/episode_return": 1.1120301746193753, "eval/step": 0, "_timestamp": 1693918588.3209362, "_runtime": 501.53613209724426, "_step": 1000, "train/episode_return": 20.792219618166826, "train/episode": 4.0, "train/duration": 0.3373439311981201, "train/step": 1000, "_wandb": {"runtime": 606}}