{"eval/episode": 400.0, "eval/train/episode_return": 921.5, "eval/color_easy/episode_return": 915.7, "eval/color_hard/episode_return": 915.1, "eval/video_easy/episode_return": 785.6, "eval/video_hard/episode_return": 362.0, "eval/duration": 825.8372786045074, "eval/frame": 400000, "_timestamp": 1693977465.5046098, "_runtime": 29376.2685277462, "_step": 415000, "train/episode_return": 884.0, "train/episode": 415.0, "train/duration": 39.40130805969238, "train/frame": 415000, "train/critic/loss": 0.8771807056069374, "train/actor/loss": -158.71446697998047, "train/alpha/loss": -0.0004464217536151409, "train/alpha/value": 0.07014332497490772}