{"eval/episode": 500.0, "eval/train/episode_return": 753.4110062558152, "eval/color_easy/episode_return": 747.0881101689686, "eval/color_hard/episode_return": 717.7081983554892, "eval/video_easy/episode_return": 643.9490148108479, "eval/video_hard/episode_return": 264.0313341778264, "eval/duration": 320.21058201789856, "eval/frame": 500000, "_timestamp": 1693959830.5675888, "_runtime": 14475.995349884033, "_step": 500000, "train/episode_return": 806.21295577463, "train/episode": 501.0, "train/duration": 9.987939596176147, "train/frame": 500000, "train/critic/loss": 51.95458221435547, "train/actor/loss": -665.5977783203125, "train/alpha/loss": 0.016585776582360268, "train/alpha/value": 0.15162962007301753, "eval/color_easy/final_episode_return": 751.5503961172873, "eval/color_hard/final_episode_return": 722.2671054903618, "eval/video_easy/final_episode_return": 595.4748001502466, "eval/video_hard/final_episode_return": 332.5526677072324, "_wandb": {"runtime": 14476}}