{"eval/episode": 0.0, "eval/episode_reward": 22.213803151352398, "eval/episode_reward_test_env": 19.742218042611984, "eval/step": 0, "_timestamp": 1693914840.3935776, "_runtime": 568.4380795955658, "_step": 0, "_wandb": {"runtime": 572}}