{"eval/episode": 200.0, "eval/train/episode_return": 597.238509852863, "eval/color_easy/episode_return": 602.8643239639778, "eval/color_hard/episode_return": 554.4699159929189, "eval/video_easy/episode_return": 410.4870899391759, "eval/video_hard/episode_return": 220.33985864035063, "eval/duration": 1016.2233083248138, "eval/step": 25000, "_timestamp": 1693925777.1777444, "_runtime": 5945.152772426605, "_step": 31250, "train/episode_return": 529.1334815178633, "train/episode": 250.0, "train/duration": 10.149575471878052, "train/step": 31250, "train/critic/loss": 491.4676005859375, "train/actor/loss": -361.8443209740423, "train/alpha/loss": -0.09447747728817406, "train/alpha/value": 0.22860586221336282, "_wandb": {"runtime": 6628}}