{"eval/episode": 0.0, "eval/episode_reward": 24.7272298937632, "eval/episode_reward_test_env": 21.465732679645097, "eval/step": 0, "_timestamp": 1693914840.6353579, "_runtime": 556.6680328845978, "_step": 31, "train/episode_reward": 200.99446750261762, "train/episode": 31.0, "train/duration": 10.746951580047607, "train/step": 3875, "train/critic_loss": 29.017636833190917, "train/actor_loss": -27.21162808130658, "train/alpha_loss": 0.0201188747453252, "train/alpha_value": 0.08570436458595274, "_wandb": {"runtime": 560}}