{"eval/episode": 500.0, "eval/train/episode_return": 703.3839401820703, "eval/color_easy/episode_return": 690.8874409761016, "eval/color_hard/episode_return": 630.7772485956548, "eval/video_easy/episode_return": 504.06946778731947, "eval/video_hard/episode_return": 324.5220608712296, "eval/duration": 313.1953935623169, "eval/frame": 500000, "_timestamp": 1693936662.8041792, "_runtime": 10119.955084085464, "_step": 500000, "train/episode_return": 701.0755465106022, "train/episode": 501.0, "train/duration": 10.726904153823853, "train/frame": 500000, "train/critic/loss": 86.80035400390625, "train/actor/loss": -602.918701171875, "train/alpha/loss": 0.002900902181863785, "train/alpha/value": 0.3117633241735639, "eval/color_easy/final_episode_return": 691.0919813969424, "eval/color_hard/final_episode_return": 654.698431026258, "eval/video_easy/final_episode_return": 503.6657908878301, "eval/video_hard/final_episode_return": 345.23661201725633, "_wandb": {"runtime": 10120}}