{"eval/episode": 0.0, "eval/episode_reward": 117.46666666666667, "eval/episode_reward_test_env": 114.56666666666666, "eval/step": 0, "_timestamp": 1693915263.1721716, "_runtime": 323.20811557769775, "_step": 4, "train/episode_reward": 42.0, "train/episode": 4.0, "train/duration": 0.24859070777893066, "train/step": 1000, "_wandb": {"runtime": 410}}