{"eval/episode": 500.0, "eval/train/episode_return": 958.1, "eval/color_easy/episode_return": 953.4, "eval/color_hard/episode_return": 878.7, "eval/video_easy/episode_return": 872.7, "eval/video_hard/episode_return": 588.0, "eval/duration": 973.1688680648804, "eval/frame": 500000, "_timestamp": 1693945263.47073, "_runtime": 18711.59597301483, "_step": 500000, "train/episode_return": 967.0, "train/episode": 501.0, "train/duration": 20.409873008728027, "train/frame": 500000, "train/critic/loss": 3.7046127319335938, "train/actor/loss": -391.1626892089844, "train/alpha/loss": 0.01013314351439476, "train/alpha/value": 0.01998624497458635, "eval/color_easy/final_episode_return": 969.2, "eval/color_hard/final_episode_return": 967.9, "eval/video_easy/final_episode_return": 942.4, "eval/video_hard/final_episode_return": 492.0, "_wandb": {"runtime": 18711}}