{"eval/episode": 500.0, "eval/train/episode_return": 969.9097672439372, "eval/color_easy/episode_return": 932.7135015649768, "eval/color_hard/episode_return": 772.3362928517303, "eval/video_easy/episode_return": 939.0633861118489, "eval/video_hard/episode_return": 784.8924723627246, "eval/duration": 1459.8530247211456, "eval/frame": 500000, "_timestamp": 1693948040.434272, "_runtime": 21494.33696293831, "_step": 500000, "train/episode_return": 968.0014380232283, "train/episode": 501.0, "train/duration": 15.27881646156311, "train/frame": 500000, "train/critic/loss": 10.357657432556152, "train/actor/loss": -380.8403625488281, "train/alpha/loss": 0.03776583820581436, "train/alpha/value": 0.02477445978202764, "eval/color_easy/final_episode_return": 938.8619118424027, "eval/color_hard/final_episode_return": 939.0150662540927, "eval/video_easy/final_episode_return": 953.2862405560754, "eval/video_hard/final_episode_return": 712.3419765691813, "_wandb": {"runtime": 21494}}