{"eval/episode": 0.0, "eval/episode_reward": 2.0039842000229298, "eval/episode_reward_test_env": 6.763171474431985, "eval/step": 0, "_timestamp": 1693913365.0367885, "_runtime": 249.81423354148865, "_step": 8, "train/episode_reward": 21.80866435096311, "train/episode": 8.0, "train/duration": 0.33174610137939453, "train/step": 1000, "_wandb": {"runtime": 250}}