{"eval/episode": 30.0, "eval/_episode_reward": 227.123749796538, "eval/color_easy_episode_reward": 206.81528790134243, "eval/step": 3750, "_timestamp": 1693917481.6514463, "_runtime": 1612.2206072807312, "_step": 42, "eval/color_hard_episode_reward": 225.35546688581357, "eval/video_easy_episode_reward": 196.49126343903677, "eval/video_hard_episode_reward": 142.45098119586527, "train/episode_reward": 171.07986804832564, "train/episode": 30.0, "train/duration": 11.402984380722046, "train/step": 3750, "train/critic_loss": 60.94990835571289, "train/actor_loss": -30.769061027034635, "train/alpha_loss": -0.04237739358758254, "train/alpha_value": 0.09564234165707129, "_wandb": {"runtime": 1619}}