{"eval/episode": 500.0, "eval/train/episode_return": 868.3352600378981, "eval/color_easy/episode_return": 868.880624471785, "eval/color_hard/episode_return": 661.3662836860768, "eval/video_easy/episode_return": 798.6871600762618, "eval/video_hard/episode_return": 447.03473840298255, "eval/duration": 813.9769775867462, "eval/frame": 500000, "_timestamp": 1693959088.382978, "_runtime": 32541.966352939606, "_step": 500000, "train/episode_return": 904.3192406058153, "train/episode": 501.0, "train/duration": 49.605462074279785, "train/frame": 500000, "train/critic/loss": 3.5711746215820312, "train/actor/loss": -148.67279052734375, "train/alpha/loss": 0.012983042746782303, "train/alpha/value": 0.027266472455315494, "eval/color_easy/final_episode_return": 823.8332976917, "eval/color_hard/final_episode_return": 800.5580236154985, "eval/video_easy/final_episode_return": 795.4894655688738, "eval/video_hard/final_episode_return": 399.03247709315553, "_wandb": {"runtime": 32541}}