{"eval/episode": 0.0, "eval/train/episode_return": 78.4, "eval/color_easy/episode_return": 77.1, "eval/color_hard/episode_return": 99.8, "eval/video_easy/episode_return": 78.4, "eval/video_hard/episode_return": 76.5, "eval/step": 0, "_timestamp": 1693918680.394586, "_runtime": 597.0045280456543, "_step": 1250, "train/episode_return": 0.0, "train/episode": 5.0, "train/duration": 119.03222274780273, "train/step": 1250, "train/critic/loss": 2.0903683470918524, "train/actor/loss": -1.9305909270506842, "train/alpha/loss": 0.2703979863881322, "train/alpha/value": 0.09494408951706297, "_wandb": {"runtime": 610}}