{"eval/episode": 100.0, "eval/train/episode_return": 152.9774226033669, "eval/color_easy/episode_return": 164.644769632413, "eval/color_hard/episode_return": 142.31447853151693, "eval/video_easy/episode_return": 157.55470913916486, "eval/video_hard/episode_return": 93.36725752057855, "eval/duration": 1497.9480187892914, "eval/step": 25000, "_timestamp": 1693926344.5372775, "_runtime": 6505.84977555275, "_step": 37500, "train/episode_return": 190.10606760562118, "train/episode": 150.0, "train/duration": 19.263716220855713, "train/step": 37500, "train/critic/loss": 1.1656848487257958, "train/actor/loss": -51.318704711914066, "train/alpha/loss": 0.08385032540559768, "train/alpha/value": 0.018779640768287323, "_wandb": {"runtime": 6620}}