{"eval/episode": 0.0, "eval/train/episode_return": 2.2011365483106653, "eval/color_easy/episode_return": 0.9577045139716104, "eval/color_hard/episode_return": 2.4925034243293753, "eval/video_easy/episode_return": 7.22061726761059, "eval/video_hard/episode_return": 7.803000971586364, "eval/step": 0, "_timestamp": 1693919102.7332933, "_runtime": 330.4098892211914, "_step": 1000, "train/episode_return": 21.323149244475665, "train/episode": 8.0, "train/duration": 0.2526264190673828, "train/step": 1000, "_wandb": {"runtime": 373}}