{"eval/episode": 500.0, "eval/train/episode_return": 987.2, "eval/color_easy/episode_return": 986.1, "eval/color_hard/episode_return": 930.1, "eval/video_easy/episode_return": 815.1, "eval/video_hard/episode_return": 348.8, "eval/duration": 775.4674210548401, "eval/frame": 500000, "_timestamp": 1693961991.7009816, "_runtime": 35442.49211573601, "_step": 500000, "train/episode_return": 964.0, "train/episode": 501.0, "train/duration": 52.90201473236084, "train/frame": 500000, "train/critic/loss": 0.739443838596344, "train/actor/loss": -160.59449768066406, "train/alpha/loss": 0.0004287688061594963, "train/alpha/value": 0.12526555519204238, "eval/color_easy/final_episode_return": 984.2, "eval/color_hard/final_episode_return": 978.9, "eval/video_easy/final_episode_return": 820.1, "eval/video_hard/final_episode_return": 350.8, "_wandb": {"runtime": 35442}}