{"eval/episode": 0.0, "eval/episode_reward": 24.087843978263006, "eval/episode_reward_test_env": 27.50522320533714, "eval/step": 0, "_timestamp": 1693914001.3878348, "_runtime": 490.7045178413391, "_step": 2, "train/episode_reward": 42.54083560676129, "train/episode": 2.0, "train/duration": 0.6968121528625488, "train/step": 1000, "_wandb": {"runtime": 490}}