{"eval/episode": 0.0, "eval/episode_reward": 0.16730284887896515, "eval/episode_reward_test_env": 0.9931453887476219, "eval/step": 0, "_timestamp": 1693914820.322054, "_runtime": 544.2130110263824, "_step": 8, "train/episode_reward": 7.571742850905151, "train/episode": 8.0, "train/duration": 24.64235019683838, "train/step": 2000, "train/critic_loss": 0.030100007604807615, "train/actor_loss": -6.0739637451171875, "train/alpha_loss": 0.8735892543792725, "train/alpha_value": 0.08693201646656316, "_wandb": {"runtime": 567}}