{"eval/episode": 0.0, "eval/episode_reward": 130.33333333333334, "eval/episode_reward_test_env": 131.33333333333334, "eval/step": 0, "_timestamp": 1693914830.5009005, "_runtime": 552.864919424057, "_step": 9, "train/episode_reward": 376.0, "train/episode": 9.0, "train/duration": 21.25525164604187, "train/step": 2250, "train/critic_loss": 5.582718376517295, "train/actor_loss": -2.6966691179275513, "train/alpha_loss": 0.2533227319717407, "train/alpha_value": 0.0863324062893341, "_wandb": {"runtime": 566}}